                  epoch,         train/box_loss,         train/cls_loss,         train/dfl_loss,   metrics/precision(B),      metrics/recall(B),       metrics/mAP50(B),    metrics/mAP50-95(B),           val/box_loss,           val/cls_loss,           val/dfl_loss,                 lr/pg0,                 lr/pg1,                 lr/pg2
                      0,                 1.9061,                  4.529,                 1.8348,                0.00643,                0.43056,                0.12945,                0.11476,                 1.5106,                 4.6959,                  1.525,               7.14e-05,               7.14e-05,               7.14e-05
                      0,                 2.1361,                 5.0103,                 2.0331,                0.00918,                0.44444,                0.04307,                0.03237,                 1.5014,                 4.0799,                 1.4768,              0.0001428,              0.0001428,              0.0001428
                      1,                 1.9461,                 4.5886,                 1.8155,                0.01182,                0.66667,                0.13545,                0.08956,                 1.6503,                 3.8728,                 1.5156,             0.00029195,             0.00029195,             0.00029195
                      2,                 1.8477,                 4.0861,                 1.6925,                0.68061,                0.11111,                0.22054,                0.12806,                 1.7792,                 3.5527,                 1.5478,             0.00043789,             0.00043789,             0.00043789
                      3,                 1.8228,                 3.8001,                 1.7267,                0.37146,                 0.1495,                 0.1905,                0.09974,                 1.8384,                 2.9208,                 1.5804,             0.00057826,             0.00057826,             0.00057826
                      4,                 1.7243,                 3.4748,                 1.6248,                0.26116,                0.33432,                0.25316,                0.14414,                 1.8048,                 2.6451,                 1.5601,             0.00068344,             0.00068344,             0.00068344
                      5,                 1.6921,                 3.3591,                 1.5967,                0.51309,                0.29167,                0.28078,                0.14279,                 1.9434,                   2.63,                 1.5833,             0.00068344,             0.00068344,             0.00068344
                      6,                 1.6627,                 3.1695,                 1.5652,                0.27312,                0.29948,                0.26221,                0.14346,                 1.8934,                  2.721,                 1.5346,             0.00066665,             0.00066665,             0.00066665
                      7,                 1.6242,                 3.0507,                 1.5328,                0.53876,                0.33333,                0.29645,                0.14264,                 1.9608,                 2.8005,                 1.6378,              0.0006465,              0.0006465,              0.0006465
                      8,                 1.5575,                 2.8771,                  1.522,                0.72728,                0.51389,                0.41728,                0.28521,                 1.7289,                 2.5078,                 1.5497,             0.00062322,             0.00062322,             0.00062322
                      9,                 1.5419,                 2.8196,                 1.5381,                0.56873,                0.55556,                 0.5456,                0.34779,                 1.7606,                  2.409,                 1.5702,             0.00059706,             0.00059706,             0.00059706
                     10,                 1.5057,                 2.7404,                 1.4918,                 0.8155,                0.33103,                0.44499,                0.23951,                 1.8482,                 2.5519,                  1.606,             0.00056831,             0.00056831,             0.00056831
                     11,                 1.4291,                 2.6204,                  1.432,                0.31659,                0.32465,                0.36342,                0.20155,                 1.8962,                 2.6948,                 1.5463,             0.00053729,             0.00053729,             0.00053729
                     12,                 1.4382,                 2.4865,                  1.409,                0.38635,                0.32993,                0.33339,                0.22065,                 1.9217,                 2.5096,                 1.5531,             0.00050432,             0.00050432,             0.00050432
                     13,                 1.3945,                 2.4375,                  1.387,                0.22802,                 0.2893,                 0.3222,                0.19166,                 1.7834,                 2.4981,                 1.5531,             0.00046979,             0.00046979,             0.00046979
                     14,                 1.3513,                 2.2783,                 1.3366,                0.23818,                0.36989,                0.32873,                0.20297,                 1.7693,                 2.4919,                 1.5794,             0.00043405,             0.00043405,             0.00043405
                     15,                 1.3397,                 2.2071,                 1.3594,                0.16676,                0.33333,                0.31335,                0.18747,                 1.8201,                 2.4584,                 1.5591,             0.00039751,             0.00039751,             0.00039751
                     16,                 1.2726,                 2.0437,                 1.3169,                0.19055,                0.29782,                0.28949,                  0.174,                 1.7958,                 2.5357,                 1.5737,             0.00036057,             0.00036057,             0.00036057
                     17,                 1.2463,                 1.9611,                 1.2891,                0.58219,                0.29167,                0.33558,                0.20386,                 1.8382,                 2.5877,                 1.5815,             0.00032363,             0.00032363,             0.00032363
                     18,                 1.2403,                 1.9598,                 1.2615,                0.61562,                0.29167,                0.34688,                0.22503,                 1.8035,                 2.6521,                 1.5748,             0.00028709,             0.00028709,             0.00028709
                     19,                 1.1891,                 1.8818,                 1.2645,                0.26693,                0.39578,                0.40215,                0.23227,                 1.7883,                 2.5624,                 1.6025,             0.00025135,             0.00025135,             0.00025135
                     20,                 1.1527,                 1.8227,                 1.2548,                0.22722,                0.35677,                 0.3781,                0.22609,                 1.8167,                 2.5611,                 1.5954,             0.00021682,             0.00021682,             0.00021682
                     21,                 1.1585,                 1.7965,                  1.213,                0.32941,                  0.551,                0.40192,                0.23008,                 1.8402,                 2.5871,                 1.6003,             0.00018386,             0.00018386,             0.00018386
                     22,                 1.1397,                 1.7292,                 1.2306,                0.74271,                0.29948,                0.38158,                0.23188,                 1.8442,                 2.5753,                 1.6267,             0.00015283,             0.00015283,             0.00015283
                     23,                 1.1313,                 1.6653,                 1.2096,                0.69356,                0.29948,                0.36996,                0.22237,                  1.828,                  2.533,                 1.6335,             0.00012408,             0.00012408,             0.00012408
                     24,                 1.1363,                 1.7059,                 1.2426,                0.67514,                0.29948,                0.33989,                0.21574,                 1.8219,                 2.5594,                  1.631,              9.792e-05,              9.792e-05,              9.792e-05
                     25,                 1.1005,                 1.6616,                 1.2136,                0.68984,                0.29948,                0.36648,                0.23694,                 1.7875,                 2.5043,                 1.6046,             7.4639e-05,             7.4639e-05,             7.4639e-05
                     26,                 1.1004,                  1.648,                 1.1892,                0.69341,                0.29948,                0.34949,                0.21911,                 1.7974,                 2.5222,                 1.5998,             5.4491e-05,             5.4491e-05,             5.4491e-05
                     27,                 1.0653,                 1.5977,                 1.1924,                0.89514,                0.28345,                0.36691,                0.23286,                 1.8128,                 2.4811,                 1.6098,             3.7696e-05,             3.7696e-05,             3.7696e-05
                     28,                 1.0368,                 1.6173,                 1.1785,                0.85527,                0.29948,                  0.358,                0.22324,                 1.8026,                 2.4459,                 1.6162,             2.4438e-05,             2.4438e-05,             2.4438e-05
                     29,                 1.0699,                 1.5818,                  1.173,                0.59636,                0.29808,                0.36237,                0.22335,                 1.8104,                 2.4608,                 1.6269,             1.4863e-05,             1.4863e-05,             1.4863e-05
                      0,                 2.1361,                 5.0103,                 2.0331,                0.00918,                0.44444,                0.04307,                0.03237,                 1.5014,                 4.0799,                 1.4768,              0.0001428,              0.0001428,              0.0001428
                      1,                 1.9511,                 4.5917,                  1.817,                0.01142,                  0.625,                0.12895,                0.08827,                 1.6117,                 3.8913,                 1.4954,             0.00029267,             0.00029267,             0.00029267
                      2,                 1.8812,                 4.2011,                  1.694,                      1,                0.08471,                0.22476,                0.12269,                 1.6538,                  3.529,                 1.4915,             0.00044225,             0.00044225,             0.00044225
                      3,                 1.8209,                 3.7729,                 1.7087,                0.56692,                0.02778,                0.17304,                0.11015,                 1.7139,                 2.9444,                 1.5785,             0.00059132,             0.00059132,             0.00059132
                      4,                 1.7272,                 3.4822,                 1.6504,                0.49958,                0.28133,                0.26564,                0.16799,                  1.876,                 2.7213,                 1.6306,             0.00071121,             0.00071121,             0.00071121
                      5,                 1.6695,                 3.3511,                 1.6072,                0.35387,                0.18166,                0.27922,                0.16215,                 2.0089,                  3.006,                 1.6761,             0.00071121,             0.00071121,             0.00071121
                      6,                 1.7078,                 3.1971,                 1.5688,                0.30682,                0.44005,                0.28048,                0.14051,                 1.8357,                 2.6268,                 1.5788,             0.00070965,             0.00070965,             0.00070965
                      7,                 1.6347,                 3.1247,                 1.5391,                 0.3081,                0.38281,                 0.3205,                0.16151,                 1.7801,                 2.5683,                 1.5174,             0.00070774,             0.00070774,             0.00070774
                      8,                 1.6039,                 2.8938,                  1.547,                0.32778,                0.42448,                0.34968,                0.22434,                 1.7481,                 2.7997,                 1.5145,             0.00070549,             0.00070549,             0.00070549
                      9,                   1.57,                 2.8355,                 1.5503,                0.24618,                0.37755,                0.27821,                0.18397,                 1.7909,                 2.8577,                 1.5552,              0.0007029,              0.0007029,              0.0007029
                     10,                 1.5602,                 2.6988,                 1.5139,                 0.4866,                  0.375,                0.34824,                0.19597,                  1.825,                 2.7619,                 1.5679,             0.00069997,             0.00069997,             0.00069997
                     11,                 1.4959,                  2.635,                 1.4756,                0.31666,                0.61182,                0.32528,                0.19717,                  1.902,                 2.7277,                 1.6276,              0.0006967,              0.0006967,              0.0006967
                     12,                 1.4812,                 2.4898,                 1.4792,                0.37343,                0.36402,                0.39194,                0.20108,                 2.0126,                 2.8116,                 1.7138,             0.00069311,             0.00069311,             0.00069311
                     13,                 1.4541,                 2.4801,                 1.4477,                0.55474,                0.34469,                0.33867,                0.21873,                 1.8257,                 2.7379,                   1.59,             0.00068918,             0.00068918,             0.00068918
                     14,                 1.3838,                 2.3363,                  1.386,                0.55636,                0.27883,                0.29789,                0.18211,                 1.8351,                 2.8804,                 1.5207,             0.00068493,             0.00068493,             0.00068493
                     15,                 1.4111,                 2.2986,                 1.4217,                0.38295,                0.37219,                0.35236,                0.22517,                 1.7772,                 2.7866,                  1.542,             0.00068036,             0.00068036,             0.00068036
                     16,                  1.335,                 2.1455,                  1.374,                0.44631,                0.50143,                0.43259,                0.24262,                 1.7727,                 2.5707,                  1.563,             0.00067548,             0.00067548,             0.00067548
                     17,                 1.3343,                 2.0417,                 1.3599,                0.79548,                0.33333,                0.35784,                0.20939,                 1.7828,                 2.8111,                  1.561,             0.00067028,             0.00067028,             0.00067028
                     18,                 1.3415,                 2.0109,                  1.353,                0.56942,                0.29948,                0.26752,                0.15096,                 1.8721,                 3.0124,                 1.6674,             0.00066478,             0.00066478,             0.00066478
                     19,                 1.2986,                 1.9646,                   1.34,                0.36899,                0.29928,                0.28442,                0.16011,                 1.8587,                 2.8177,                 1.6846,             0.00065898,             0.00065898,             0.00065898
                     20,                 1.2986,                  1.917,                 1.3476,                0.41519,                0.31504,                0.32425,                0.18458,                 1.9823,                 2.8812,                 1.7222,             0.00065289,             0.00065289,             0.00065289
                     21,                 1.2815,                 1.8677,                 1.2731,                 0.3216,                0.34649,                0.30137,                0.17676,                 1.8246,                 2.7326,                 1.6298,              0.0006465,              0.0006465,              0.0006465
                     22,                 1.2758,                  1.796,                 1.3223,                0.32731,                0.33229,                 0.3009,                 0.1722,                 1.8251,                 2.7877,                 1.5872,             0.00063983,             0.00063983,             0.00063983
                     23,                 1.2169,                  1.736,                   1.27,                0.54801,                0.27558,                0.29172,                0.18766,                 1.9019,                 2.7872,                 1.6379,             0.00063289,             0.00063289,             0.00063289
                     24,                 1.2511,                  1.778,                 1.3105,                0.36422,                0.27079,                 0.3167,                0.19143,                 1.8774,                 2.8012,                 1.6578,             0.00062568,             0.00062568,             0.00062568
                     25,                 1.2009,                 1.6606,                 1.2579,                0.50961,                0.51836,                0.37212,                0.18143,                 1.8607,                  2.714,                 1.6785,             0.00061821,             0.00061821,             0.00061821
                     26,                 1.1859,                 1.6421,                 1.2379,                0.58279,                0.55331,                0.52267,                0.21751,                 1.8428,                 2.8554,                 1.6162,             0.00061048,             0.00061048,             0.00061048
                     27,                 1.1972,                 1.5812,                 1.2547,                0.40132,                0.52951,                0.37885,                0.21266,                 1.8639,                 2.7176,                 1.5782,             0.00060251,             0.00060251,             0.00060251
                     28,                 1.1521,                 1.5596,                 1.2297,                0.51529,                0.50174,                0.53806,                0.24346,                 1.8462,                 2.6385,                 1.5988,              0.0005943,              0.0005943,              0.0005943
                     29,                 1.1636,                 1.5285,                 1.2094,                0.57707,                0.47025,                0.53099,                0.27146,                  1.854,                 2.7223,                 1.6154,             0.00058585,             0.00058585,             0.00058585
                     30,                 1.1014,                 1.4377,                 1.2166,                0.85813,                0.49068,                0.58915,                0.31849,                 1.8103,                 2.6349,                 1.5651,             0.00057719,             0.00057719,             0.00057719
                     31,                 1.0662,                 1.4279,                 1.1757,                0.45568,                0.59115,                0.59272,                0.37642,                 1.7633,                  2.407,                 1.5701,             0.00056831,             0.00056831,             0.00056831
                     32,                 1.0956,                 1.4194,                  1.178,                0.45138,                0.63616,                0.41561,                0.25511,                 1.7884,                 2.4715,                 1.6111,             0.00055923,             0.00055923,             0.00055923
                     33,                 1.0236,                 1.3878,                  1.166,                0.36936,                0.62066,                  0.423,                0.26291,                  1.768,                 2.5311,                 1.6068,             0.00054995,             0.00054995,             0.00054995
                     34,                 1.0471,                  1.382,                 1.1809,                0.55271,                0.59896,                0.56686,                0.28696,                 1.8242,                 2.5884,                 1.6078,             0.00054048,             0.00054048,             0.00054048
                     35,                 1.0254,                 1.3648,                 1.1613,                 0.5372,                0.59896,                0.56026,                0.32662,                  1.839,                  2.743,                 1.6835,             0.00053084,             0.00053084,             0.00053084
                     36,                 1.0243,                 1.2978,                 1.1558,                0.48863,                0.59896,                0.56771,                0.35781,                 1.8246,                 2.6939,                 1.6439,             0.00052102,             0.00052102,             0.00052102
                     37,                 1.0193,                 1.2771,                 1.1439,                0.44478,                0.59896,                 0.5386,                0.35537,                 1.7863,                  2.656,                 1.6327,             0.00051105,             0.00051105,             0.00051105
                     38,                0.97512,                 1.2729,                  1.119,                 0.3884,                0.59115,                0.51413,                0.34756,                 1.7892,                 2.8114,                  1.632,             0.00050093,             0.00050093,             0.00050093
                     39,                0.95372,                 1.2091,                 1.0931,                0.51847,                0.59115,                0.50092,                0.33312,                 1.8151,                 2.7861,                 1.6118,             0.00049068,             0.00049068,             0.00049068
                     40,                0.96978,                 1.2101,                 1.1041,                0.62049,                0.57072,                0.34864,                0.22194,                 1.8397,                 2.8215,                 1.6276,             0.00048029,             0.00048029,             0.00048029
                     41,                0.96385,                 1.1509,                  1.108,                0.82107,                0.32014,                0.33538,                0.19488,                 1.8714,                 2.6973,                 1.6895,             0.00046979,             0.00046979,             0.00046979
                     42,                0.90905,                  1.147,                 1.0709,                 0.4761,                0.32017,                0.32232,                0.17944,                 1.8332,                 2.7361,                  1.607,             0.00045917,             0.00045917,             0.00045917
                     43,                0.91585,                 1.1122,                 1.0658,                0.32198,                0.30513,                0.29468,                0.17287,                 1.8372,                 2.7912,                 1.6529,             0.00044846,             0.00044846,             0.00044846
                     44,                0.90308,                 1.1291,                 1.1092,                0.36934,                0.55934,                0.33684,                0.19706,                 1.7854,                 2.8111,                 1.6412,             0.00043767,             0.00043767,             0.00043767
                     45,                0.90682,                 1.0833,                 1.0764,                0.44923,                0.52951,                0.34361,                0.20268,                 1.7874,                 2.8603,                 1.6828,              0.0004268,              0.0004268,              0.0004268
                     46,                0.89345,                 1.1161,                 1.0598,                0.40559,                0.46146,                0.34124,                  0.201,                 1.8258,                 2.9237,                  1.675,             0.00041586,             0.00041586,             0.00041586
                     47,                0.83891,                0.99103,                 1.0564,                0.44369,                0.33664,                0.37756,                0.20514,                 1.8684,                 2.7841,                 1.6657,             0.00040487,             0.00040487,             0.00040487
                     48,                0.84162,                 1.0186,                  1.058,                0.46173,                0.37454,                0.40041,                0.21186,                 1.7988,                 2.6301,                 1.6186,             0.00039383,             0.00039383,             0.00039383
                     49,                0.85053,                0.99739,                 1.0486,                0.50385,                0.34645,                0.36728,                0.19648,                 1.7583,                 2.6945,                 1.6067,             0.00038276,             0.00038276,             0.00038276
                     50,                0.84948,                0.99393,                 1.0498,                0.50426,                0.34142,                0.36991,                0.20644,                 1.8057,                  2.771,                 1.6216,             0.00037167,             0.00037167,             0.00037167
                     51,                0.82821,                0.98477,                 1.0419,                0.45116,                0.30729,                0.33033,                0.18717,                 1.8173,                 2.8795,                 1.6573,             0.00036057,             0.00036057,             0.00036057
                     52,                0.82329,                0.98468,                  1.026,                 0.5132,                0.33076,                0.33619,                0.19117,                 1.7388,                 2.8042,                 1.5897,             0.00034947,             0.00034947,             0.00034947
                     53,                 0.7995,                0.94651,                 1.0297,                0.53487,                0.57454,                0.40694,                0.22045,                 1.7384,                 2.7411,                 1.5954,             0.00033838,             0.00033838,             0.00033838
                     54,                0.78852,                 0.9438,                 1.0082,                0.51937,                0.61515,                0.43554,                0.24538,                 1.7552,                 2.6516,                 1.6121,             0.00032731,             0.00032731,             0.00032731
                     55,                0.77746,                0.89968,                 1.0217,                0.56347,                0.59785,                0.48219,                0.27277,                 1.7624,                 2.6048,                 1.6044,             0.00031627,             0.00031627,             0.00031627
                     56,                0.79169,                0.92867,                 1.0227,                 0.5554,                0.60641,                0.46653,                0.27624,                 1.7525,                 2.7027,                 1.5994,             0.00030528,             0.00030528,             0.00030528
                     57,                0.81598,                0.92479,                 1.0302,                0.51472,                0.60497,                0.45115,                0.28761,                 1.7539,                 2.7397,                 1.5967,             0.00029434,             0.00029434,             0.00029434
                     58,                0.80276,                0.89836,                 1.0374,                 0.5991,                0.55805,                0.45674,                0.27391,                 1.8091,                 2.7941,                 1.6568,             0.00028347,             0.00028347,             0.00028347
                     59,                0.78357,                0.91084,                 1.0199,                0.71899,                0.50939,                0.58989,                0.39674,                 1.8397,                  2.767,                 1.6511,             0.00027268,             0.00027268,             0.00027268
                     60,                 0.7569,                0.86961,                0.99734,                0.76025,                0.50806,                0.59801,                 0.3755,                 1.8245,                 2.7184,                 1.6298,             0.00026197,             0.00026197,             0.00026197
                     61,                0.73438,                0.85256,                 1.0108,                0.69443,                0.50627,                0.59213,                0.28482,                 1.8538,                 2.7675,                 1.6637,             0.00025135,             0.00025135,             0.00025135
                     62,                 0.7343,                0.84025,                0.97669,                0.65252,                0.53739,                0.58388,                0.26099,                  1.916,                 2.9161,                 1.6978,             0.00024085,             0.00024085,             0.00024085
                     63,                0.71157,                0.85534,                 0.9971,                0.50063,                0.61318,                0.58429,                0.27234,                 1.8277,                 2.8411,                 1.6612,             0.00023046,             0.00023046,             0.00023046
                     64,                0.71272,                0.84426,                0.98856,                0.50557,                0.60592,                0.40578,                0.23286,                 1.8317,                 2.8598,                 1.6778,             0.00022021,             0.00022021,             0.00022021
                     65,                0.70772,                0.84302,                0.96885,                0.38853,                0.34115,                0.38692,                0.21992,                 1.8762,                 2.9033,                 1.7161,             0.00021009,             0.00021009,             0.00021009
                     66,                 0.6662,                0.79608,                0.96544,                0.44111,                0.34697,                0.40557,                0.22926,                 1.8593,                 2.8609,                 1.7312,             0.00020012,             0.00020012,             0.00020012
                     67,                0.72686,                0.82513,                0.97617,                0.53545,                0.34504,                0.38348,                0.23076,                 1.8541,                 2.7923,                 1.7384,              0.0001903,              0.0001903,              0.0001903
                     68,                0.68822,                0.80408,                0.96495,                0.53792,                0.34666,                0.37837,                0.23354,                 1.8774,                  2.793,                 1.7409,             0.00018066,             0.00018066,             0.00018066
                     69,                0.67236,                0.79714,                0.96117,                0.43749,                 0.3831,                 0.3782,                0.22635,                 1.8801,                 2.8229,                 1.7331,             0.00017119,             0.00017119,             0.00017119
                     70,                0.70253,                0.82729,                0.96543,                0.56936,                0.57239,                0.47051,                0.24041,                 1.8951,                 2.9084,                 1.7367,             0.00016191,             0.00016191,             0.00016191
                     71,                0.67553,                0.78604,                0.96893,                0.46794,                0.60683,                0.42274,                0.23093,                 1.8986,                 2.8763,                 1.7313,             0.00015283,             0.00015283,             0.00015283
                     72,                0.65686,                 0.7841,                0.94544,                0.48436,                0.64062,                0.42467,                0.24104,                 1.8731,                  2.814,                 1.7096,             0.00014395,             0.00014395,             0.00014395
                     73,                 0.6338,                0.76349,                0.92699,                0.46781,                0.64062,                0.39375,                0.23764,                 1.8339,                 2.7864,                 1.6949,             0.00013529,             0.00013529,             0.00013529
                     74,                0.65538,                0.77256,                0.94117,                0.48436,                0.61859,                0.39508,                0.23552,                 1.8261,                 2.7938,                 1.6959,             0.00012684,             0.00012684,             0.00012684
                     75,                 0.6502,                0.76836,                0.94269,                0.47769,                0.62921,                0.42842,                0.24474,                 1.8463,                 2.8156,                 1.7319,             0.00011863,             0.00011863,             0.00011863
                     76,                0.64626,                0.74071,                0.94889,                0.50129,                0.59987,                0.42581,                0.24481,                 1.8571,                 2.8197,                 1.7484,             0.00011066,             0.00011066,             0.00011066
                     77,                0.62863,                0.75461,                0.93785,                0.52113,                0.59343,                0.42586,                0.23806,                 1.8449,                 2.8328,                 1.7499,             0.00010293,             0.00010293,             0.00010293
                     78,                  0.656,                0.76815,                 0.9598,                0.56995,                0.58582,                0.46476,                0.25086,                 1.8179,                 2.8266,                 1.7261,             9.5458e-05,             9.5458e-05,             9.5458e-05
                     79,                0.61099,                0.73401,                0.94028,                0.48315,                0.59381,                0.42142,                0.23447,                 1.8004,                 2.7936,                 1.7085,             8.8248e-05,             8.8248e-05,             8.8248e-05
                     80,                0.61874,                0.75038,                0.94753,                0.45419,                0.62667,                0.39781,                0.22519,                 1.7996,                 2.8267,                 1.7072,             8.1306e-05,             8.1306e-05,             8.1306e-05
                     81,                0.62514,                0.74634,                0.94999,                0.44805,                0.62701,                0.39827,                0.22004,                 1.8002,                 2.8173,                 1.7132,             7.4639e-05,             7.4639e-05,             7.4639e-05
                     82,                0.61533,                 0.7363,                 0.9401,                 0.4575,                 0.6208,                 0.4187,                0.22016,                 1.7981,                 2.8264,                 1.7091,             6.8255e-05,             6.8255e-05,             6.8255e-05
                     83,                0.60271,                0.72759,                0.93543,                0.44173,                0.61029,                0.41601,                0.22299,                 1.8177,                 2.8878,                 1.7258,             6.2159e-05,             6.2159e-05,             6.2159e-05
                     84,                0.60188,                0.73872,                0.94933,                0.48537,                0.59115,                0.42261,                0.22751,                 1.8205,                 2.8817,                 1.7312,             5.6358e-05,             5.6358e-05,             5.6358e-05
                     85,                0.58065,                 0.7172,                0.92592,                0.60952,                0.56954,                0.46372,                0.24006,                  1.835,                 2.8995,                 1.7364,             5.0857e-05,             5.0857e-05,             5.0857e-05
                     86,                0.60626,                0.74626,                0.94191,                0.61216,                0.58055,                0.47445,                0.23383,                 1.8431,                 2.8936,                 1.7404,             4.5662e-05,             4.5662e-05,             4.5662e-05
                     87,                0.60011,                0.72526,                0.94168,                0.61739,                0.57832,                0.46498,                0.23254,                 1.8447,                 2.8671,                 1.7389,             4.0777e-05,             4.0777e-05,             4.0777e-05
                     88,                0.59081,                0.70187,                0.92807,                0.60761,                0.58163,                0.46525,                  0.237,                 1.8408,                 2.8677,                 1.7241,             3.6208e-05,             3.6208e-05,             3.6208e-05
                     89,                0.59636,                0.70501,                0.93002,                0.61396,                0.58451,                0.46478,                0.23009,                 1.8298,                  2.839,                 1.7131,             3.1959e-05,             3.1959e-05,             3.1959e-05
                     90,                0.58193,                0.70252,                0.91724,                0.61854,                0.58346,                0.46731,                 0.2339,                 1.8261,                 2.8317,                 1.7094,             2.8035e-05,             2.8035e-05,             2.8035e-05
                     91,                0.57986,                0.71085,                0.92865,                0.63025,                0.58917,                0.47792,                0.23839,                 1.8267,                 2.8383,                 1.7085,             2.4438e-05,             2.4438e-05,             2.4438e-05
                     92,                0.58697,                0.70244,                0.91316,                0.63201,                0.58038,                0.46849,                0.23426,                 1.8131,                 2.8237,                  1.694,             2.1173e-05,             2.1173e-05,             2.1173e-05
                     93,                0.57334,                0.69999,                0.91544,                0.63438,                0.58866,                0.47043,                0.23767,                 1.8216,                 2.8382,                 1.7043,             1.8244e-05,             1.8244e-05,             1.8244e-05
                     94,                0.56859,                0.70173,                0.91881,                0.61481,                0.58606,                0.47795,                0.24281,                 1.8323,                 2.8486,                 1.7166,             1.5652e-05,             1.5652e-05,             1.5652e-05
                     95,                0.56932,                0.69119,                0.90859,                0.62601,                 0.5892,                0.47881,                0.24286,                  1.837,                 2.8611,                 1.7099,               1.34e-05,               1.34e-05,               1.34e-05
                     96,                0.60248,                0.73747,                0.92175,                0.62928,                0.59306,                0.47884,                0.24207,                 1.8424,                 2.8534,                  1.719,             1.1491e-05,             1.1491e-05,             1.1491e-05
                     97,                0.59907,                0.72863,                0.93929,                0.60241,                0.59012,                0.47649,                0.24275,                 1.8399,                 2.8418,                 1.7194,             9.9269e-06,             9.9269e-06,             9.9269e-06
                     98,                0.57977,                0.72304,                0.93114,                0.58809,                0.58943,                0.47748,                0.24293,                  1.846,                 2.8403,                 1.7313,             8.7085e-06,             8.7085e-06,             8.7085e-06
                     99,                0.58893,                0.70857,                0.93301,                0.61921,                0.59025,                0.47915,                0.23846,                 1.8542,                  2.845,                 1.7396,             7.8374e-06,             7.8374e-06,             7.8374e-06
                      0,                 2.1195,                 4.4727,                 2.0527,                0.00432,                0.57447,                0.01342,                 0.0063,                 1.7895,                 3.9857,                 1.6661,               0.000125,               0.000125,               0.000125
                      1,                 1.9005,                 3.8025,                 1.8444,                0.00639,                0.57447,                0.05597,                0.04036,                 1.5503,                 3.7436,                 1.4618,             0.00026244,             0.00026244,             0.00026244
                      2,                 1.8188,                 3.2012,                 1.7514,                 0.0069,                0.59574,                0.06159,                0.03057,                 1.8034,                 3.5561,                 1.6316,             0.00039961,             0.00039961,             0.00039961
                      3,                 1.7404,                 2.9184,                 1.6902,                 0.0108,                0.67021,                0.16621,                0.06241,                 1.7116,                 3.2363,                  1.568,             0.00053632,             0.00053632,             0.00053632
                      4,                 1.6485,                 2.6686,                 1.6415,                      1,                0.02511,                 0.1521,                0.07844,                 1.7269,                 3.4163,                 1.5903,             0.00067237,             0.00067237,             0.00067237
                      5,                 1.6101,                 2.4553,                 1.6112,                      1,                0.03007,                0.12525,                0.06275,                 1.7728,                 3.4573,                 1.5918,             0.00080755,             0.00080755,             0.00080755
                      6,                 1.6107,                 2.3955,                 1.5687,                      1,                0.01794,                0.62807,                0.22271,                 1.8019,                 3.3718,                 1.5305,             0.00094167,             0.00094167,             0.00094167
                      7,                 1.6331,                  2.294,                 1.5665,                0.16206,                0.50835,                0.16921,                0.09077,                 2.0012,                 3.3154,                 1.7787,              0.0010745,              0.0010745,              0.0010745
                      8,                 1.5743,                 2.2504,                 1.5438,                0.21357,                0.54255,                0.09778,                0.05761,                 1.8719,                  3.282,                 1.7291,              0.0012059,              0.0012059,              0.0012059
                      9,                 1.5811,                  2.241,                  1.565,                0.61115,                    0.5,                0.28451,                0.11785,                 1.9315,                 3.9481,                  1.795,              0.0012254,              0.0012254,              0.0012254
                     10,                 1.5456,                 2.1076,                 1.5497,                0.09089,                0.60638,                0.06049,                 0.0254,                 1.9529,                 3.4268,                 1.7551,              0.0012254,              0.0012254,              0.0012254
                     11,                 1.4979,                 2.0179,                 1.5062,                 0.1903,                0.10638,                0.10199,                0.04877,                  1.963,                 3.0619,                 1.9451,              0.0012197,              0.0012197,              0.0012197
                     12,                 1.4561,                 2.0069,                 1.4946,                0.09502,                0.06383,                0.07286,                0.03676,                 1.9107,                 3.1132,                 1.8392,              0.0012134,              0.0012134,              0.0012134
                     13,                 1.4682,                 1.9593,                 1.4831,                0.44715,                0.56383,                 0.2233,                0.09945,                 1.9101,                 2.8266,                 1.7046,              0.0012065,              0.0012065,              0.0012065
                     14,                 1.4414,                 1.8787,                 1.4289,                0.30904,                0.61702,                 0.1464,                0.08133,                 1.8775,                 3.1764,                 1.6739,              0.0011991,              0.0011991,              0.0011991
                     15,                 1.4344,                 1.7849,                 1.4262,                0.37273,                0.61702,                0.16212,                0.08435,                  2.052,                 3.4051,                 1.8366,              0.0011911,              0.0011911,              0.0011911
                     16,                 1.3481,                 1.6894,                 1.3828,                0.48433,                 0.6118,                0.19004,                0.10025,                 1.9413,                 2.7598,                 1.7615,              0.0011826,              0.0011826,              0.0011826
                     17,                 1.3805,                 1.5827,                 1.4138,                0.26091,                0.67021,                0.21653,                0.12091,                 1.8038,                 2.0755,                 1.8148,              0.0011735,              0.0011735,              0.0011735
                     18,                 1.3976,                 1.5742,                 1.3967,                 0.2713,                0.67021,                0.20972,                0.09533,                 1.9699,                 2.1049,                 1.9503,              0.0011638,              0.0011638,              0.0011638
                     19,                 1.3561,                 1.5986,                 1.3927,                 0.1538,                0.18085,                0.15387,                0.07373,                 1.9165,                 2.4701,                 1.8331,              0.0011537,              0.0011537,              0.0011537
                     20,                 1.3089,                 1.4547,                 1.3638,                0.24975,                0.65974,                0.20926,                0.09492,                  2.047,                 2.2086,                 1.8992,               0.001143,               0.001143,               0.001143
                     21,                 1.2677,                 1.4354,                 1.2985,                 0.8179,                0.51507,                0.66306,                0.17073,                 2.0107,                 2.2383,                 1.8452,              0.0011318,              0.0011318,              0.0011318
                     22,                 1.2694,                 1.3933,                 1.2997,                0.79614,                    0.5,                0.61652,                0.23775,                 2.2278,                  2.362,                 1.9364,              0.0011202,              0.0011202,              0.0011202
                     23,                 1.2355,                 1.3744,                 1.2746,                0.24203,                0.64894,                0.21179,                0.12288,                 1.9387,                 2.1266,                 1.8079,               0.001108,               0.001108,               0.001108
                     24,                 1.2516,                 1.3952,                 1.3105,                0.62977,                0.63166,                0.39847,                0.28418,                 2.0821,                 2.2774,                 1.8495,              0.0010954,              0.0010954,              0.0010954
                     25,                 1.1613,                 1.3184,                 1.2716,                0.43409,                0.58511,                0.23486,                0.12794,                 1.9979,                 2.6446,                 1.8165,              0.0010823,              0.0010823,              0.0010823
                     26,                 1.2409,                 1.2992,                 1.2793,                0.38346,                0.57447,                0.24891,                0.13354,                 2.1453,                 2.8867,                 1.8118,              0.0010688,              0.0010688,              0.0010688
                     27,                  1.165,                 1.2278,                 1.2453,                0.34398,                0.61702,                0.16983,                0.08212,                  2.151,                 2.7988,                 1.9009,              0.0010548,              0.0010548,              0.0010548
                     28,                 1.1726,                 1.1728,                 1.2641,                 0.3358,                 0.1383,                0.18073,                0.09163,                 2.0654,                 2.3782,                 1.8172,              0.0010404,              0.0010404,              0.0010404
                     29,                 1.1759,                 1.1393,                 1.2396,                 0.2915,                0.54886,                0.20799,                0.10405,                 1.9469,                  2.213,                 1.6799,              0.0010257,              0.0010257,              0.0010257
                     30,                 1.0965,                 1.1167,                 1.2174,                0.32566,                0.65957,                0.21688,                 0.1348,                 2.0047,                 2.1273,                 1.7078,              0.0010105,              0.0010105,              0.0010105
                     31,                 1.1266,                 1.1058,                 1.2231,                0.32802,                 0.6383,                0.23002,                0.12313,                 2.1359,                 2.2671,                 1.7698,             0.00099494,             0.00099494,             0.00099494
                     32,                  1.101,                 1.0834,                 1.1567,                0.44047,                0.57617,                0.33655,                0.19852,                 2.0386,                 2.1792,                 1.7477,             0.00097904,             0.00097904,             0.00097904
                     33,                 1.0825,                 1.0509,                 1.1918,                0.66924,                0.67021,                0.67448,                0.40317,                 1.7947,                 1.9333,                 1.6507,             0.00096279,             0.00096279,             0.00096279
                     34,                 1.0937,                 1.0488,                 1.1988,                0.18562,                0.19149,                0.21431,                0.10162,                 1.8517,                 2.1834,                 1.6621,             0.00094622,             0.00094622,             0.00094622
                     35,                 1.0649,                 1.0055,                 1.1839,                0.26602,                0.15957,                0.14828,                0.07947,                 1.8391,                 2.1055,                 1.6946,             0.00092934,             0.00092934,             0.00092934
                     36,                 1.0105,                0.94339,                 1.1494,                0.22136,                0.19443,                0.18865,                0.09369,                 1.8887,                 1.9172,                 1.7148,             0.00091216,             0.00091216,             0.00091216
                     37,                 1.0331,                0.96063,                 1.1496,                0.34937,                0.14894,                0.20552,                0.09547,                 2.0246,                  2.055,                   1.89,              0.0008947,              0.0008947,              0.0008947
                     38,                 0.9735,                0.89322,                 1.1201,                0.82927,                0.61036,                0.66589,                0.13881,                 2.0576,                 2.1358,                 1.8907,             0.00087699,             0.00087699,             0.00087699
                     39,                0.99179,                0.86846,                 1.1255,                0.86448,                 0.5984,                 0.6756,                0.15341,                  1.981,                 2.2277,                  1.855,             0.00085903,             0.00085903,             0.00085903
                     40,                0.96519,                0.87903,                 1.0989,                0.89535,                0.57675,                0.67298,                0.14885,                 1.9992,                 2.2527,                 1.8586,             0.00084084,             0.00084084,             0.00084084
                     41,                0.93144,                0.85325,                 1.1056,                0.89075,                0.61183,                0.68297,                 0.1563,                  1.999,                 2.0432,                 1.8706,             0.00082245,             0.00082245,             0.00082245
                     42,                0.94464,                0.84365,                 1.0842,                0.84094,                0.62766,                0.67776,                0.15887,                 1.8994,                 1.9439,                 1.8452,             0.00080388,             0.00080388,             0.00080388
                     43,                0.90913,                0.80182,                 1.0666,                0.90208,                0.62358,                0.66117,                0.15603,                 1.9459,                 2.0426,                 1.7852,             0.00078513,             0.00078513,             0.00078513
                     44,                0.94792,                0.83852,                 1.1173,                0.93653,                0.63206,                0.66508,                0.15636,                 1.8808,                 2.0716,                 1.6968,             0.00076623,             0.00076623,             0.00076623
                     45,                0.93123,                0.81485,                 1.0917,                0.85022,                0.62766,                0.65681,                0.22448,                 1.9291,                 2.1243,                 1.7034,             0.00074719,             0.00074719,             0.00074719
                     46,                0.88921,                0.79069,                 1.0558,                0.87933,                0.57447,                0.65003,                0.16193,                 1.8971,                 2.3161,                 1.6313,             0.00072804,             0.00072804,             0.00072804
                     47,                 0.8615,                0.76513,                 1.0503,                0.87912,                0.59214,                0.65532,                0.31998,                  1.917,                 2.1073,                 1.6171,              0.0007088,              0.0007088,              0.0007088
                     48,                0.86718,                0.73694,                 1.0551,                0.58377,                0.67606,                0.42794,                0.26475,                 1.8559,                 1.9345,                 1.6618,             0.00068948,             0.00068948,             0.00068948
                     49,                0.86176,                0.72835,                 1.0527,                0.36526,                0.70213,                0.30323,                0.18972,                 1.8579,                 2.0617,                 1.6385,              0.0006701,              0.0006701,              0.0006701
                     50,                0.85574,                0.72868,                 1.0423,                0.23627,                0.19149,                0.24594,                0.13962,                   1.86,                 2.2378,                 1.6223,             0.00065069,             0.00065069,             0.00065069
                     51,                0.87023,                0.72841,                 1.0476,                0.38254,                0.15957,                0.21217,                0.11457,                 1.9145,                 2.1431,                 1.7463,             0.00063125,             0.00063125,             0.00063125
                     52,                0.85263,                0.72411,                 1.0345,                0.36782,                0.15957,                0.20101,                0.11685,                 1.8505,                 2.0421,                 1.6906,             0.00061181,             0.00061181,             0.00061181
                     53,                0.82561,                0.69639,                 1.0354,                0.34854,                0.15957,                0.19181,                0.11104,                 1.7534,                 2.1049,                 1.6149,              0.0005924,              0.0005924,              0.0005924
                     54,                0.78675,                0.67671,                0.99715,                 0.4287,                0.14894,                0.20351,                0.10338,                 2.0141,                 2.3102,                 1.8249,             0.00057302,             0.00057302,             0.00057302
                     55,                0.79653,                0.66218,                 1.0205,                0.27217,                0.18085,                0.19777,                0.09599,                 2.0671,                 2.2897,                 1.8075,              0.0005537,              0.0005537,              0.0005537
                     56,                0.77459,                0.65802,                0.99689,                0.27184,                0.17753,                0.20308,                 0.0908,                 2.0461,                 2.3329,                  1.786,             0.00053446,             0.00053446,             0.00053446
                     57,                 0.7879,                 0.6572,                0.99694,                0.32709,                0.16104,                0.22775,                  0.104,                 2.0579,                 2.3591,                 1.7742,             0.00051531,             0.00051531,             0.00051531
                     58,                0.75956,                0.63376,                0.98409,                0.27694,                0.17175,                0.27045,                0.12357,                 2.0065,                 2.1365,                 1.7782,             0.00049627,             0.00049627,             0.00049627
                     59,                0.74094,                0.62663,                0.99983,                0.32995,                0.14461,                0.22406,                 0.1187,                 1.9852,                 2.1632,                 1.7497,             0.00047737,             0.00047737,             0.00047737
                     60,                0.72389,                0.61292,                0.96634,                0.83142,                 0.1465,                0.19137,                 0.1085,                  1.972,                 2.2288,                 1.7525,             0.00045862,             0.00045862,             0.00045862
                     61,                0.71974,                0.61139,                0.98186,                0.31931,                0.15957,                 0.1967,                0.10583,                 1.9408,                 2.3325,                 1.7571,             0.00044005,             0.00044005,             0.00044005
                     62,                0.72129,                0.60123,                0.95829,                0.83893,                0.15957,                0.19611,                0.10032,                 1.9752,                 2.5064,                  1.775,             0.00042166,             0.00042166,             0.00042166
                     63,                0.71709,                0.61446,                0.98521,                0.81816,                0.17021,                0.20239,                 0.1045,                 1.9849,                 2.2835,                 1.8063,             0.00040347,             0.00040347,             0.00040347
                     64,                0.73667,                0.61517,                 0.9741,                0.79177,                0.15957,                0.19574,                0.10622,                 1.9278,                 2.1995,                  1.798,             0.00038551,             0.00038551,             0.00038551
                     65,                0.69137,                  0.588,                 0.9459,                0.27972,                0.17571,                0.19749,                0.11093,                  1.868,                 2.1409,                 1.7519,              0.0003678,              0.0003678,              0.0003678
                     66,                0.67134,                0.57494,                 0.9494,                0.40116,                0.14894,                0.30686,                0.12003,                 1.8344,                 2.3014,                 1.6677,             0.00035034,             0.00035034,             0.00035034
                     67,                0.68263,                0.58384,                0.94956,                0.58577,                0.58026,                0.43959,                0.13055,                 1.8724,                 2.4593,                 1.6608,             0.00033316,             0.00033316,             0.00033316
                     68,                0.64271,                0.55592,                0.93507,                0.36137,                0.16649,                0.28377,                0.11436,                 1.8663,                   2.53,                 1.6619,             0.00031628,             0.00031628,             0.00031628
                     69,                0.65995,                0.54697,                0.94587,                0.34063,                0.16512,                 0.3079,                 0.1256,                 1.8607,                 2.5468,                 1.6627,             0.00029971,             0.00029971,             0.00029971
                     70,                0.64972,                0.56109,                0.92824,                0.30775,                0.15337,                0.30945,                0.12405,                 1.8724,                 2.5044,                 1.6555,             0.00028346,             0.00028346,             0.00028346
                     71,                0.62793,                0.55105,                0.92873,                 0.4099,                0.54335,                0.35547,                0.13352,                 1.7887,                 2.3443,                 1.6225,             0.00026756,             0.00026756,             0.00026756
                     72,                0.64037,                0.53903,                0.92668,                0.29236,                0.17021,                0.31242,                 0.1396,                 1.7817,                  2.417,                 1.6135,             0.00025201,             0.00025201,             0.00025201
                     73,                0.60782,                 0.5233,                0.90484,                0.86273,                0.16873,                 0.2371,                0.12166,                 1.8281,                 2.4627,                 1.6521,             0.00023684,             0.00023684,             0.00023684
                     74,                0.61136,                0.53956,                0.91748,                0.34092,                0.15957,                0.22793,                0.12198,                 1.8036,                 2.4666,                 1.6415,             0.00022206,             0.00022206,             0.00022206
                     75,                0.60647,                0.52224,                0.91358,                0.90358,                0.15957,                0.23156,                0.12244,                 1.7445,                 2.4335,                 1.6281,             0.00020769,             0.00020769,             0.00020769
                     76,                0.61041,                 0.5222,                0.92102,                0.90052,                0.15957,                0.25333,                0.12688,                 1.7622,                 2.4169,                 1.6432,             0.00019373,             0.00019373,             0.00019373
                     77,                0.58105,                 0.5284,                0.91377,                 0.3701,                0.17021,                0.32402,                0.12565,                 1.8059,                 2.4624,                 1.6616,              0.0001802,              0.0001802,              0.0001802
                     78,                0.60236,                0.52337,                  0.923,                 0.8507,                0.17021,                0.36527,                0.13669,                 1.8207,                 2.4047,                 1.6733,             0.00016712,             0.00016712,             0.00016712
                     79,                0.55814,                0.49788,                0.91086,                0.82195,                0.17321,                0.36397,                 0.1401,                  1.838,                 2.3176,                 1.6855,             0.00015449,             0.00015449,             0.00015449
                     80,                0.57117,                0.50842,                0.90915,                0.81301,                0.17021,                0.36413,                0.14415,                 1.8512,                  2.309,                 1.6972,             0.00014234,             0.00014234,             0.00014234
                     81,                0.59115,                 0.5255,                0.92093,                0.83034,                0.18085,                0.32273,                0.14696,                  1.827,                 2.2996,                 1.6943,             0.00013067,             0.00013067,             0.00013067
                     82,                0.57639,                0.49499,                0.90796,                0.82212,                0.18085,                0.29904,                0.13553,                 1.8407,                 2.3177,                 1.6957,             0.00011949,             0.00011949,             0.00011949
                     83,                 0.5609,                0.50041,                0.90714,                0.84347,                0.18085,                0.26711,                0.13616,                 1.8331,                 2.3517,                 1.6988,             0.00010882,             0.00010882,             0.00010882
